<?xml version="1.0" encoding="UTF-8"?>
<project version="4">
  <component name="ProjectTasksOptions">
    <TaskOptions isEnabled="false">
      <option name="arguments" value="$FileName$" />
      <option name="checkSyntaxErrors" value="true" />
      <option name="description" value="Compiles .pug and .jade files into .html files" />
      <option name="exitCodeBehavior" value="ERROR" />
      <option name="fileExtension" value="jade" />
      <option name="immediateSync" value="true" />
      <option name="name" value="Pug/Jade" />
      <option name="output" value="$FileNameWithoutExtension$.html" />
      <option name="outputFilters">
        <array />
      </option>
      <option name="outputFromStdout" value="false" />
      <option name="program" value="$ExecutableByFileExt$" />
      <option name="scopeName" value="Project Files" />
      <option name="trackOnlyRoot" value="true" />
      <option name="workingDir" value="$FileDir$" />
      <envs />
    </TaskOptions>
  </component>
</project>