<?xml version="1.0" encoding="UTF-8"?>
<project version="4">
  <component name="ChangeListManager">
    <list default="true" id="e9524914-ac7f-4480-b87b-490ea3631027" name="Default" comment="" />
    <ignored path="$PROJECT_DIR$/.tmp/" />
    <ignored path="$PROJECT_DIR$/temp/" />
    <ignored path="$PROJECT_DIR$/tmp/" />
    <option name="EXCLUDED_CONVERTED_TO_IGNORED" value="true" />
    <option name="TRACKING_ENABLED" value="true" />
    <option name="SHOW_DIALOG" value="false" />
    <option name="HIGHLIGHT_CONFLICTS" value="true" />
    <option name="HIGHLIGHT_NON_ACTIVE_CHANGELIST" value="false" />
    <option name="LAST_RESOLUTION" value="IGNORE" />
  </component>
  <component name="CreatePatchCommitExecutor">
    <option name="PATCH_PATH" value="" />
  </component>
  <component name="ExecutionTargetManager" SELECTED_TARGET="default_target" />
  <component name="FavoritesManager">
    <favorites_list name="Assignment5" />
  </component>
  <component name="FileEditorManager">
    <leaf SIDE_TABS_SIZE_LIMIT_KEY="300">
      <file leaf-file-name="style.css" pinned="false" current-in-tab="false">
        <entry file="file://$PROJECT_DIR$/public/stylesheets/style.css">
          <provider selected="true" editor-type-id="text-editor">
            <state relative-caret-position="0">
              <caret line="0" column="0" selection-start-line="0" selection-start-column="0" selection-end-line="0" selection-end-column="0" />
              <folding />
            </state>
          </provider>
        </entry>
      </file>
      <file leaf-file-name="main.js" pinned="false" current-in-tab="false">
        <entry file="file://$PROJECT_DIR$/public/angular/main.js">
          <provider selected="true" editor-type-id="text-editor">
            <state relative-caret-position="0">
              <caret line="0" column="19" selection-start-line="0" selection-start-column="16" selection-end-line="0" selection-end-column="19" />
              <folding />
            </state>
          </provider>
        </entry>
      </file>
      <file leaf-file-name="app.js" pinned="false" current-in-tab="false">
        <entry file="file://$PROJECT_DIR$/app.js">
          <provider selected="true" editor-type-id="text-editor">
            <state relative-caret-position="425">
              <caret line="34" column="41" selection-start-line="34" selection-start-column="41" selection-end-line="34" selection-end-column="41" />
              <folding />
            </state>
          </provider>
        </entry>
      </file>
      <file leaf-file-name="bidder.js" pinned="false" current-in-tab="true">
        <entry file="file://$PROJECT_DIR$/my_client/bidder.js">
          <provider selected="true" editor-type-id="text-editor">
            <state relative-caret-position="170">
              <caret line="12" column="2" selection-start-line="12" selection-start-column="2" selection-end-line="12" selection-end-column="2" />
              <folding>
                <element signature="e#0#46#0" expanded="false" />
              </folding>
            </state>
          </provider>
        </entry>
      </file>
      <file leaf-file-name="index.js" pinned="false" current-in-tab="false">
        <entry file="file://$PROJECT_DIR$/app_api/routes/index.js">
          <provider selected="true" editor-type-id="text-editor">
            <state relative-caret-position="255">
              <caret line="15" column="68" selection-start-line="15" selection-start-column="68" selection-end-line="15" selection-end-column="68" />
              <folding />
            </state>
          </provider>
        </entry>
      </file>
      <file leaf-file-name="items.js" pinned="false" current-in-tab="false">
        <entry file="file://$PROJECT_DIR$/app_server/controllers/items.js">
          <provider selected="true" editor-type-id="text-editor">
            <state relative-caret-position="476">
              <caret line="28" column="19" selection-start-line="28" selection-start-column="19" selection-end-line="28" selection-end-column="19" />
              <folding />
            </state>
          </provider>
        </entry>
      </file>
      <file leaf-file-name="package.json" pinned="false" current-in-tab="false">
        <entry file="file://$PROJECT_DIR$/package.json">
          <provider selected="true" editor-type-id="text-editor">
            <state relative-caret-position="34">
              <caret line="2" column="20" selection-start-line="2" selection-start-column="20" selection-end-line="2" selection-end-column="20" />
              <folding />
            </state>
          </provider>
        </entry>
      </file>
      <file leaf-file-name="layout.jade" pinned="false" current-in-tab="false">
        <entry file="file://$PROJECT_DIR$/app_server/views/layout.jade">
          <provider selected="true" editor-type-id="text-editor">
            <state relative-caret-position="357">
              <caret line="21" column="34" selection-start-line="21" selection-start-column="34" selection-end-line="21" selection-end-column="34" />
              <folding />
            </state>
          </provider>
        </entry>
      </file>
      <file leaf-file-name="items.js" pinned="false" current-in-tab="false">
        <entry file="file://$PROJECT_DIR$/app_api/controllers/items.js">
          <provider selected="true" editor-type-id="text-editor">
            <state relative-caret-position="141">
              <caret line="22" column="0" selection-start-line="22" selection-start-column="0" selection-end-line="22" selection-end-column="0" />
              <folding />
            </state>
          </provider>
        </entry>
      </file>
      <file leaf-file-name="www" pinned="false" current-in-tab="false">
        <entry file="file://$PROJECT_DIR$/bin/www">
          <provider selected="true" editor-type-id="text-editor">
            <state relative-caret-position="289">
              <caret line="17" column="3" selection-start-line="17" selection-start-column="3" selection-end-line="17" selection-end-column="3" />
              <folding />
            </state>
          </provider>
        </entry>
      </file>
    </leaf>
  </component>
  <component name="FileTemplateManagerImpl">
    <option name="RECENT_TEMPLATES">
      <list>
        <option value="JavaScript File" />
      </list>
    </option>
  </component>
  <component name="FindInProjectRecents">
    <findStrings>
      <find>location</find>
      <find>about</find>
      <find>_isNumeric_isNumeric</find>
    </findStrings>
  </component>
  <component name="IdeDocumentHistory">
    <option name="CHANGED_PATHS">
      <list>
        <option value="$PROJECT_DIR$/public/javascripts/main.js" />
        <option value="$PROJECT_DIR$/app_api/models/db.js" />
        <option value="$PROJECT_DIR$/app_api/models/locations.js" />
        <option value="$PROJECT_DIR$/app_api/models/items.js" />
        <option value="$PROJECT_DIR$/app_api/controllers/reviews.js" />
        <option value="$PROJECT_DIR$/app_api/controllers/bids.js" />
        <option value="$PROJECT_DIR$/app_api/controllers/items.js" />
        <option value="$PROJECT_DIR$/app_api/routes/index.js" />
        <option value="$PROJECT_DIR$/app_server/controllers/locations.js" />
        <option value="$PROJECT_DIR$/app_server/routes/index.js" />
        <option value="$PROJECT_DIR$/app_server/controllers/items.js" />
        <option value="$PROJECT_DIR$/README.md" />
        <option value="$PROJECT_DIR$/bin/www" />
        <option value="$PROJECT_DIR$/app_server/views/layout.jade" />
        <option value="$PROJECT_DIR$/package.json" />
        <option value="$PROJECT_DIR$/app.js" />
        <option value="$PROJECT_DIR$/my_client/bidder.js" />
      </list>
    </option>
  </component>
  <component name="JsBuildToolGruntFileManager" detection-done="true" sorting="DEFINITION_ORDER" />
  <component name="JsBuildToolPackageJson" detection-done="true" sorting="DEFINITION_ORDER">
    <package-json value="$PROJECT_DIR$/package.json" />
  </component>
  <component name="JsGulpfileManager">
    <detection-done>true</detection-done>
    <sorting>DEFINITION_ORDER</sorting>
  </component>
  <component name="ProjectFrameBounds">
    <option name="x" value="187" />
    <option name="y" value="308" />
    <option name="width" value="2057" />
    <option name="height" value="1246" />
  </component>
  <component name="ProjectLevelVcsManager" settingsEditedManually="false">
    <OptionsSetting value="true" id="Add" />
    <OptionsSetting value="true" id="Remove" />
    <OptionsSetting value="true" id="Checkout" />
    <OptionsSetting value="true" id="Update" />
    <OptionsSetting value="true" id="Status" />
    <OptionsSetting value="true" id="Edit" />
    <ConfirmationsSetting value="0" id="Add" />
    <ConfirmationsSetting value="0" id="Remove" />
  </component>
  <component name="ProjectView">
    <navigator currentView="ProjectPane" proportions="" version="1">
      <flattenPackages />
      <showMembers />
      <showModules />
      <showLibraryContents />
      <hideEmptyPackages />
      <abbreviatePackageNames />
      <autoscrollToSource />
      <autoscrollFromSource />
      <sortByType />
      <manualOrder />
      <foldersAlwaysOnTop value="true" />
    </navigator>
    <panes>
      <pane id="Scope" />
      <pane id="ProjectPane">
        <subPane>
          <PATH>
            <PATH_ELEMENT>
              <option name="myItemId" value="pokorney_assn_5" />
              <option name="myItemType" value="com.intellij.ide.projectView.impl.nodes.ProjectViewProjectNode" />
            </PATH_ELEMENT>
          </PATH>
          <PATH>
            <PATH_ELEMENT>
              <option name="myItemId" value="pokorney_assn_5" />
              <option name="myItemType" value="com.intellij.ide.projectView.impl.nodes.ProjectViewProjectNode" />
            </PATH_ELEMENT>
            <PATH_ELEMENT>
              <option name="myItemId" value="pokorney_assn_5" />
              <option name="myItemType" value="com.intellij.ide.projectView.impl.nodes.PsiDirectoryNode" />
            </PATH_ELEMENT>
          </PATH>
          <PATH>
            <PATH_ELEMENT>
              <option name="myItemId" value="pokorney_assn_5" />
              <option name="myItemType" value="com.intellij.ide.projectView.impl.nodes.ProjectViewProjectNode" />
            </PATH_ELEMENT>
            <PATH_ELEMENT>
              <option name="myItemId" value="pokorney_assn_5" />
              <option name="myItemType" value="com.intellij.ide.projectView.impl.nodes.PsiDirectoryNode" />
            </PATH_ELEMENT>
            <PATH_ELEMENT>
              <option name="myItemId" value="public" />
              <option name="myItemType" value="com.intellij.ide.projectView.impl.nodes.PsiDirectoryNode" />
            </PATH_ELEMENT>
            <PATH_ELEMENT>
              <option name="myItemId" value="stylesheets" />
              <option name="myItemType" value="com.intellij.ide.projectView.impl.nodes.PsiDirectoryNode" />
            </PATH_ELEMENT>
          </PATH>
          <PATH>
            <PATH_ELEMENT>
              <option name="myItemId" value="pokorney_assn_5" />
              <option name="myItemType" value="com.intellij.ide.projectView.impl.nodes.ProjectViewProjectNode" />
            </PATH_ELEMENT>
            <PATH_ELEMENT>
              <option name="myItemId" value="pokorney_assn_5" />
              <option name="myItemType" value="com.intellij.ide.projectView.impl.nodes.PsiDirectoryNode" />
            </PATH_ELEMENT>
            <PATH_ELEMENT>
              <option name="myItemId" value="public" />
              <option name="myItemType" value="com.intellij.ide.projectView.impl.nodes.PsiDirectoryNode" />
            </PATH_ELEMENT>
            <PATH_ELEMENT>
              <option name="myItemId" value="javascripts" />
              <option name="myItemType" value="com.intellij.ide.projectView.impl.nodes.PsiDirectoryNode" />
            </PATH_ELEMENT>
          </PATH>
          <PATH>
            <PATH_ELEMENT>
              <option name="myItemId" value="pokorney_assn_5" />
              <option name="myItemType" value="com.intellij.ide.projectView.impl.nodes.ProjectViewProjectNode" />
            </PATH_ELEMENT>
            <PATH_ELEMENT>
              <option name="myItemId" value="pokorney_assn_5" />
              <option name="myItemType" value="com.intellij.ide.projectView.impl.nodes.PsiDirectoryNode" />
            </PATH_ELEMENT>
            <PATH_ELEMENT>
              <option name="myItemId" value="public" />
              <option name="myItemType" value="com.intellij.ide.projectView.impl.nodes.PsiDirectoryNode" />
            </PATH_ELEMENT>
            <PATH_ELEMENT>
              <option name="myItemId" value="bootstrap" />
              <option name="myItemType" value="com.intellij.ide.projectView.impl.nodes.PsiDirectoryNode" />
            </PATH_ELEMENT>
            <PATH_ELEMENT>
              <option name="myItemId" value="js" />
              <option name="myItemType" value="com.intellij.ide.projectView.impl.nodes.PsiDirectoryNode" />
            </PATH_ELEMENT>
          </PATH>
          <PATH>
            <PATH_ELEMENT>
              <option name="myItemId" value="pokorney_assn_5" />
              <option name="myItemType" value="com.intellij.ide.projectView.impl.nodes.ProjectViewProjectNode" />
            </PATH_ELEMENT>
            <PATH_ELEMENT>
              <option name="myItemId" value="pokorney_assn_5" />
              <option name="myItemType" value="com.intellij.ide.projectView.impl.nodes.PsiDirectoryNode" />
            </PATH_ELEMENT>
            <PATH_ELEMENT>
              <option name="myItemId" value="public" />
              <option name="myItemType" value="com.intellij.ide.projectView.impl.nodes.PsiDirectoryNode" />
            </PATH_ELEMENT>
            <PATH_ELEMENT>
              <option name="myItemId" value="bootstrap" />
              <option name="myItemType" value="com.intellij.ide.projectView.impl.nodes.PsiDirectoryNode" />
            </PATH_ELEMENT>
            <PATH_ELEMENT>
              <option name="myItemId" value="fonts" />
              <option name="myItemType" value="com.intellij.ide.projectView.impl.nodes.PsiDirectoryNode" />
            </PATH_ELEMENT>
          </PATH>
          <PATH>
            <PATH_ELEMENT>
              <option name="myItemId" value="pokorney_assn_5" />
              <option name="myItemType" value="com.intellij.ide.projectView.impl.nodes.ProjectViewProjectNode" />
            </PATH_ELEMENT>
            <PATH_ELEMENT>
              <option name="myItemId" value="pokorney_assn_5" />
              <option name="myItemType" value="com.intellij.ide.projectView.impl.nodes.PsiDirectoryNode" />
            </PATH_ELEMENT>
            <PATH_ELEMENT>
              <option name="myItemId" value="public" />
              <option name="myItemType" value="com.intellij.ide.projectView.impl.nodes.PsiDirectoryNode" />
            </PATH_ELEMENT>
            <PATH_ELEMENT>
              <option name="myItemId" value="bootstrap" />
              <option name="myItemType" value="com.intellij.ide.projectView.impl.nodes.PsiDirectoryNode" />
            </PATH_ELEMENT>
            <PATH_ELEMENT>
              <option name="myItemId" value="css" />
              <option name="myItemType" value="com.intellij.ide.projectView.impl.nodes.PsiDirectoryNode" />
            </PATH_ELEMENT>
          </PATH>
          <PATH>
            <PATH_ELEMENT>
              <option name="myItemId" value="pokorney_assn_5" />
              <option name="myItemType" value="com.intellij.ide.projectView.impl.nodes.ProjectViewProjectNode" />
            </PATH_ELEMENT>
            <PATH_ELEMENT>
              <option name="myItemId" value="pokorney_assn_5" />
              <option name="myItemType" value="com.intellij.ide.projectView.impl.nodes.PsiDirectoryNode" />
            </PATH_ELEMENT>
            <PATH_ELEMENT>
              <option name="myItemId" value="public" />
              <option name="myItemType" value="com.intellij.ide.projectView.impl.nodes.PsiDirectoryNode" />
            </PATH_ELEMENT>
            <PATH_ELEMENT>
              <option name="myItemId" value="angular" />
              <option name="myItemType" value="com.intellij.ide.projectView.impl.nodes.PsiDirectoryNode" />
            </PATH_ELEMENT>
          </PATH>
          <PATH>
            <PATH_ELEMENT>
              <option name="myItemId" value="pokorney_assn_5" />
              <option name="myItemType" value="com.intellij.ide.projectView.impl.nodes.ProjectViewProjectNode" />
            </PATH_ELEMENT>
            <PATH_ELEMENT>
              <option name="myItemId" value="pokorney_assn_5" />
              <option name="myItemType" value="com.intellij.ide.projectView.impl.nodes.PsiDirectoryNode" />
            </PATH_ELEMENT>
            <PATH_ELEMENT>
              <option name="myItemId" value="my_client" />
              <option name="myItemType" value="com.intellij.ide.projectView.impl.nodes.PsiDirectoryNode" />
            </PATH_ELEMENT>
          </PATH>
          <PATH>
            <PATH_ELEMENT>
              <option name="myItemId" value="pokorney_assn_5" />
              <option name="myItemType" value="com.intellij.ide.projectView.impl.nodes.ProjectViewProjectNode" />
            </PATH_ELEMENT>
            <PATH_ELEMENT>
              <option name="myItemId" value="pokorney_assn_5" />
              <option name="myItemType" value="com.intellij.ide.projectView.impl.nodes.PsiDirectoryNode" />
            </PATH_ELEMENT>
            <PATH_ELEMENT>
              <option name="myItemId" value="bin" />
              <option name="myItemType" value="com.intellij.ide.projectView.impl.nodes.PsiDirectoryNode" />
            </PATH_ELEMENT>
          </PATH>
          <PATH>
            <PATH_ELEMENT>
              <option name="myItemId" value="pokorney_assn_5" />
              <option name="myItemType" value="com.intellij.ide.projectView.impl.nodes.ProjectViewProjectNode" />
            </PATH_ELEMENT>
            <PATH_ELEMENT>
              <option name="myItemId" value="pokorney_assn_5" />
              <option name="myItemType" value="com.intellij.ide.projectView.impl.nodes.PsiDirectoryNode" />
            </PATH_ELEMENT>
            <PATH_ELEMENT>
              <option name="myItemId" value="app_server" />
              <option name="myItemType" value="com.intellij.ide.projectView.impl.nodes.PsiDirectoryNode" />
            </PATH_ELEMENT>
            <PATH_ELEMENT>
              <option name="myItemId" value="views" />
              <option name="myItemType" value="com.intellij.ide.projectView.impl.nodes.PsiDirectoryNode" />
            </PATH_ELEMENT>
          </PATH>
          <PATH>
            <PATH_ELEMENT>
              <option name="myItemId" value="pokorney_assn_5" />
              <option name="myItemType" value="com.intellij.ide.projectView.impl.nodes.ProjectViewProjectNode" />
            </PATH_ELEMENT>
            <PATH_ELEMENT>
              <option name="myItemId" value="pokorney_assn_5" />
              <option name="myItemType" value="com.intellij.ide.projectView.impl.nodes.PsiDirectoryNode" />
            </PATH_ELEMENT>
            <PATH_ELEMENT>
              <option name="myItemId" value="app_server" />
              <option name="myItemType" value="com.intellij.ide.projectView.impl.nodes.PsiDirectoryNode" />
            </PATH_ELEMENT>
            <PATH_ELEMENT>
              <option name="myItemId" value="routes" />
              <option name="myItemType" value="com.intellij.ide.projectView.impl.nodes.PsiDirectoryNode" />
            </PATH_ELEMENT>
          </PATH>
          <PATH>
            <PATH_ELEMENT>
              <option name="myItemId" value="pokorney_assn_5" />
              <option name="myItemType" value="com.intellij.ide.projectView.impl.nodes.ProjectViewProjectNode" />
            </PATH_ELEMENT>
            <PATH_ELEMENT>
              <option name="myItemId" value="pokorney_assn_5" />
              <option name="myItemType" value="com.intellij.ide.projectView.impl.nodes.PsiDirectoryNode" />
            </PATH_ELEMENT>
            <PATH_ELEMENT>
              <option name="myItemId" value="app_server" />
              <option name="myItemType" value="com.intellij.ide.projectView.impl.nodes.PsiDirectoryNode" />
            </PATH_ELEMENT>
            <PATH_ELEMENT>
              <option name="myItemId" value="controllers" />
              <option name="myItemType" value="com.intellij.ide.projectView.impl.nodes.PsiDirectoryNode" />
            </PATH_ELEMENT>
          </PATH>
          <PATH>
            <PATH_ELEMENT>
              <option name="myItemId" value="pokorney_assn_5" />
              <option name="myItemType" value="com.intellij.ide.projectView.impl.nodes.ProjectViewProjectNode" />
            </PATH_ELEMENT>
            <PATH_ELEMENT>
              <option name="myItemId" value="pokorney_assn_5" />
              <option name="myItemType" value="com.intellij.ide.projectView.impl.nodes.PsiDirectoryNode" />
            </PATH_ELEMENT>
            <PATH_ELEMENT>
              <option name="myItemId" value="app_api" />
              <option name="myItemType" value="com.intellij.ide.projectView.impl.nodes.PsiDirectoryNode" />
            </PATH_ELEMENT>
            <PATH_ELEMENT>
              <option name="myItemId" value="routes" />
              <option name="myItemType" value="com.intellij.ide.projectView.impl.nodes.PsiDirectoryNode" />
            </PATH_ELEMENT>
          </PATH>
          <PATH>
            <PATH_ELEMENT>
              <option name="myItemId" value="pokorney_assn_5" />
              <option name="myItemType" value="com.intellij.ide.projectView.impl.nodes.ProjectViewProjectNode" />
            </PATH_ELEMENT>
            <PATH_ELEMENT>
              <option name="myItemId" value="pokorney_assn_5" />
              <option name="myItemType" value="com.intellij.ide.projectView.impl.nodes.PsiDirectoryNode" />
            </PATH_ELEMENT>
            <PATH_ELEMENT>
              <option name="myItemId" value="app_api" />
              <option name="myItemType" value="com.intellij.ide.projectView.impl.nodes.PsiDirectoryNode" />
            </PATH_ELEMENT>
            <PATH_ELEMENT>
              <option name="myItemId" value="models" />
              <option name="myItemType" value="com.intellij.ide.projectView.impl.nodes.PsiDirectoryNode" />
            </PATH_ELEMENT>
          </PATH>
          <PATH>
            <PATH_ELEMENT>
              <option name="myItemId" value="pokorney_assn_5" />
              <option name="myItemType" value="com.intellij.ide.projectView.impl.nodes.ProjectViewProjectNode" />
            </PATH_ELEMENT>
            <PATH_ELEMENT>
              <option name="myItemId" value="pokorney_assn_5" />
              <option name="myItemType" value="com.intellij.ide.projectView.impl.nodes.PsiDirectoryNode" />
            </PATH_ELEMENT>
            <PATH_ELEMENT>
              <option name="myItemId" value="app_api" />
              <option name="myItemType" value="com.intellij.ide.projectView.impl.nodes.PsiDirectoryNode" />
            </PATH_ELEMENT>
            <PATH_ELEMENT>
              <option name="myItemId" value="controllers" />
              <option name="myItemType" value="com.intellij.ide.projectView.impl.nodes.PsiDirectoryNode" />
            </PATH_ELEMENT>
          </PATH>
        </subPane>
      </pane>
      <pane id="Scratches" />
    </panes>
  </component>
  <component name="PropertiesComponent">
    <property name="WebServerToolWindowFactoryState" value="false" />
    <property name="nodejs_interpreter_path" value="C:/Program Files/nodejs/node" />
    <property name="javascript.nodejs.core.library.configured.version" value="4.5.0" />
    <property name="HbShouldOpenHtmlAsHb" value="" />
    <property name="last_opened_file_path" value="$PROJECT_DIR$" />
    <property name="js.eslint.eslintPackage" value="" />
    <property name="js-jscs-nodeInterpreter" value="C:\Program Files\nodejs\node.exe" />
    <property name="settings.editor.selected.configurable" value="settings.nodejs" />
    <property name="settings.editor.splitter.proportion" value="0.2" />
  </component>
  <component name="RecentsManager">
    <key name="MoveFile.RECENT_KEYS">
      <recent name="C:\Users\bdalgaard\Downloads\_OLD\CIS395\CIS395Assignment5\public\angular" />
      <recent name="C:\Users\bdalgaard\Downloads\_OLD\CIS395\CIS395Assignment5\public" />
      <recent name="C:\Users\bdalgaard\Downloads\_OLD\CIS395\CIS395Assignment5\public\javascripts" />
    </key>
    <key name="CopyFile.RECENT_KEYS">
      <recent name="C:\Users\bdalgaard\Downloads\_OLD\CIS395\CIS395Assignment5" />
    </key>
  </component>
  <component name="RunManager" selected="Node.js.bin\www">
    <configuration default="true" type="DartCommandLineRunConfigurationType" factoryName="Dart Command Line Application">
      <method />
    </configuration>
    <configuration default="true" type="DartTestRunConfigurationType" factoryName="Dart Test">
      <method />
    </configuration>
    <configuration default="true" type="JavaScriptTestRunnerKarma" factoryName="Karma">
      <config-file value="" />
      <node-interpreter value="project" />
      <envs />
      <method />
    </configuration>
    <configuration default="true" type="JavascriptDebugType" factoryName="JavaScript Debug">
      <method />
    </configuration>
    <configuration default="true" type="NodeJSConfigurationType" factoryName="Node.js" path-to-node="project" working-dir="">
      <method />
    </configuration>
    <configuration default="true" type="cucumber.js" factoryName="Cucumber.js">
      <option name="cucumberJsArguments" value="" />
      <option name="executablePath" />
      <option name="filePath" />
      <method />
    </configuration>
    <configuration default="true" type="js.build_tools.gulp" factoryName="Gulp.js">
      <node-interpreter>project</node-interpreter>
      <node-options />
      <gulpfile />
      <tasks />
      <arguments />
      <envs />
      <method />
    </configuration>
    <configuration default="true" type="js.build_tools.npm" factoryName="npm">
      <command value="run-script" />
      <scripts />
      <node-interpreter value="project" />
      <envs />
      <method />
    </configuration>
    <configuration default="true" type="mocha-javascript-test-runner" factoryName="Mocha">
      <node-interpreter>project</node-interpreter>
      <node-options />
      <working-directory />
      <pass-parent-env>true</pass-parent-env>
      <envs />
      <ui />
      <extra-mocha-options />
      <test-kind>DIRECTORY</test-kind>
      <test-directory />
      <recursive>false</recursive>
      <method />
    </configuration>
    <list size="1">
      <item index="0" class="java.lang.String" itemvalue="Node.js.bin\www" />
    </list>
  </component>
  <component name="ShelveChangesManager" show_recycled="false">
    <option name="remove_strategy" value="false" />
  </component>
  <component name="TaskManager">
    <task active="true" id="Default" summary="Default task">
      <changelist id="e9524914-ac7f-4480-b87b-490ea3631027" name="Default" comment="" />
      <created>1479325017853</created>
      <option name="number" value="Default" />
      <option name="presentableId" value="Default" />
      <updated>1479325017853</updated>
      <workItem from="1479325035843" duration="169000" />
      <workItem from="1479325240697" duration="4641000" />
      <workItem from="1480470816413" duration="14000" />
      <workItem from="1480471317299" duration="4298000" />
    </task>
    <servers />
  </component>
  <component name="TimeTrackingManager">
    <option name="totallyTimeSpent" value="9122000" />
  </component>
  <component name="ToolWindowManager">
    <frame x="187" y="308" width="2057" height="1246" extended-state="0" />
    <editor active="true" />
    <layout>
      <window_info id="Project" active="false" anchor="left" auto_hide="false" internal_type="DOCKED" type="DOCKED" visible="true" show_stripe_button="true" weight="0.15354136" sideWeight="0.5" order="0" side_tool="false" content_ui="combo" />
      <window_info id="TODO" active="false" anchor="bottom" auto_hide="false" internal_type="DOCKED" type="DOCKED" visible="false" show_stripe_button="true" weight="0.33" sideWeight="0.5" order="6" side_tool="false" content_ui="tabs" />
      <window_info id="Event Log" active="false" anchor="bottom" auto_hide="false" internal_type="DOCKED" type="DOCKED" visible="false" show_stripe_button="true" weight="0.33" sideWeight="0.5" order="7" side_tool="true" content_ui="tabs" />
      <window_info id="Find" active="false" anchor="bottom" auto_hide="false" internal_type="DOCKED" type="DOCKED" visible="false" show_stripe_button="true" weight="0.3290735" sideWeight="0.5" order="1" side_tool="false" content_ui="tabs" />
      <window_info id="npm" active="false" anchor="left" auto_hide="false" internal_type="DOCKED" type="DOCKED" visible="false" show_stripe_button="true" weight="0.33" sideWeight="0.5" order="2" side_tool="true" content_ui="tabs" />
      <window_info id="Version Control" active="false" anchor="bottom" auto_hide="false" internal_type="DOCKED" type="DOCKED" visible="false" show_stripe_button="false" weight="0.33" sideWeight="0.5" order="7" side_tool="false" content_ui="tabs" />
      <window_info id="Run" active="false" anchor="bottom" auto_hide="false" internal_type="DOCKED" type="DOCKED" visible="true" show_stripe_button="true" weight="0.32842687" sideWeight="0.5" order="2" side_tool="false" content_ui="tabs" />
      <window_info id="Structure" active="false" anchor="left" auto_hide="false" internal_type="DOCKED" type="DOCKED" visible="false" show_stripe_button="true" weight="0.25" sideWeight="0.5" order="1" side_tool="false" content_ui="tabs" />
      <window_info id="Terminal" active="false" anchor="bottom" auto_hide="false" internal_type="DOCKED" type="DOCKED" visible="false" show_stripe_button="true" weight="0.33" sideWeight="0.5" order="7" side_tool="false" content_ui="tabs" />
      <window_info id="Favorites" active="false" anchor="left" auto_hide="false" internal_type="DOCKED" type="DOCKED" visible="false" show_stripe_button="true" weight="0.33" sideWeight="0.5" order="2" side_tool="true" content_ui="tabs" />
      <window_info id="Debug" active="false" anchor="bottom" auto_hide="false" internal_type="DOCKED" type="DOCKED" visible="false" show_stripe_button="true" weight="0.4" sideWeight="0.5" order="3" side_tool="false" content_ui="tabs" />
      <window_info id="Cvs" active="false" anchor="bottom" auto_hide="false" internal_type="DOCKED" type="DOCKED" visible="false" show_stripe_button="true" weight="0.25" sideWeight="0.5" order="4" side_tool="false" content_ui="tabs" />
      <window_info id="Message" active="false" anchor="bottom" auto_hide="false" internal_type="DOCKED" type="DOCKED" visible="false" show_stripe_button="true" weight="0.33" sideWeight="0.5" order="0" side_tool="false" content_ui="tabs" />
      <window_info id="Commander" active="false" anchor="right" auto_hide="false" internal_type="DOCKED" type="DOCKED" visible="false" show_stripe_button="true" weight="0.4" sideWeight="0.5" order="0" side_tool="false" content_ui="tabs" />
      <window_info id="Inspection" active="false" anchor="bottom" auto_hide="false" internal_type="DOCKED" type="DOCKED" visible="false" show_stripe_button="true" weight="0.4" sideWeight="0.5" order="5" side_tool="false" content_ui="tabs" />
      <window_info id="Hierarchy" active="false" anchor="right" auto_hide="false" internal_type="DOCKED" type="DOCKED" visible="false" show_stripe_button="true" weight="0.25" sideWeight="0.5" order="2" side_tool="false" content_ui="combo" />
      <window_info id="Ant Build" active="false" anchor="right" auto_hide="false" internal_type="DOCKED" type="DOCKED" visible="false" show_stripe_button="true" weight="0.25" sideWeight="0.5" order="1" side_tool="false" content_ui="tabs" />
    </layout>
  </component>
  <component name="TypeScriptGeneratedFilesManager">
    <option name="processedProjectFiles" value="true" />
  </component>
  <component name="Vcs.Log.UiProperties">
    <option name="RECENTLY_FILTERED_USER_GROUPS">
      <collection />
    </option>
    <option name="RECENTLY_FILTERED_BRANCH_GROUPS">
      <collection />
    </option>
  </component>
  <component name="VcsContentAnnotationSettings">
    <option name="myLimit" value="2678400000" />
  </component>
  <component name="XDebuggerManager">
    <breakpoint-manager />
    <watches-manager />
  </component>
  <component name="editorHistoryManager">
    <entry file="file://$PROJECT_DIR$/public/stylesheets/style.css">
      <provider selected="true" editor-type-id="text-editor">
        <state relative-caret-position="0">
          <caret line="0" column="0" selection-start-line="0" selection-start-column="0" selection-end-line="0" selection-end-column="0" />
          <folding />
        </state>
      </provider>
    </entry>
    <entry file="file://$PROJECT_DIR$/app_api/models/db.js">
      <provider selected="true" editor-type-id="text-editor">
        <state relative-caret-position="816">
          <caret line="48" column="19" selection-start-line="48" selection-start-column="19" selection-end-line="48" selection-end-column="19" />
          <folding />
        </state>
      </provider>
    </entry>
    <entry file="file://$PROJECT_DIR$/app_api/routes/index.js">
      <provider selected="true" editor-type-id="text-editor">
        <state relative-caret-position="255">
          <caret line="15" column="68" selection-start-line="15" selection-start-column="68" selection-end-line="15" selection-end-column="68" />
          <folding />
        </state>
      </provider>
    </entry>
    <entry file="file://$PROJECT_DIR$/app_server/controllers/items.js">
      <provider selected="true" editor-type-id="text-editor">
        <state relative-caret-position="476">
          <caret line="28" column="19" selection-start-line="28" selection-start-column="19" selection-end-line="28" selection-end-column="19" />
          <folding />
        </state>
      </provider>
    </entry>
    <entry file="file://$PROJECT_DIR$/app_server/views/layout.jade">
      <provider selected="true" editor-type-id="text-editor">
        <state relative-caret-position="0">
          <caret line="0" column="0" selection-start-line="0" selection-start-column="0" selection-end-line="0" selection-end-column="0" />
          <folding />
        </state>
      </provider>
    </entry>
    <entry file="file://$PROJECT_DIR$/app_server/routes/index.js">
      <provider selected="true" editor-type-id="text-editor">
        <state relative-caret-position="34">
          <caret line="2" column="48" selection-start-line="2" selection-start-column="48" selection-end-line="2" selection-end-column="48" />
          <folding />
        </state>
      </provider>
    </entry>
    <entry file="file://$PROJECT_DIR$/package.json">
      <provider selected="true" editor-type-id="text-editor">
        <state relative-caret-position="272">
          <caret line="16" column="24" selection-start-line="16" selection-start-column="24" selection-end-line="16" selection-end-column="24" />
          <folding />
        </state>
      </provider>
    </entry>
    <entry file="file://$PROJECT_DIR$/app_api/controllers/items.js">
      <provider selected="true" editor-type-id="text-editor">
        <state relative-caret-position="408">
          <caret line="24" column="27" selection-start-line="24" selection-start-column="15" selection-end-line="24" selection-end-column="27" />
          <folding />
        </state>
      </provider>
    </entry>
    <entry file="file://$PROJECT_DIR$/app_api/models/items.js">
      <provider selected="true" editor-type-id="text-editor">
        <state relative-caret-position="204">
          <caret line="12" column="3" selection-start-line="12" selection-start-column="3" selection-end-line="12" selection-end-column="3" />
          <folding />
        </state>
      </provider>
    </entry>
    <entry file="file://$PROJECT_DIR$/app_api/controllers/bids.js">
      <provider selected="true" editor-type-id="text-editor">
        <state relative-caret-position="986">
          <caret line="58" column="4" selection-start-line="58" selection-start-column="4" selection-end-line="62" selection-end-column="33" />
          <folding />
        </state>
      </provider>
    </entry>
    <entry file="file://$PROJECT_DIR$/public/stylesheets/style.css">
      <provider selected="true" editor-type-id="text-editor">
        <state relative-caret-position="0">
          <caret line="0" column="0" selection-start-line="0" selection-start-column="0" selection-end-line="0" selection-end-column="0" />
          <folding />
        </state>
      </provider>
    </entry>
    <entry file="file://$PROJECT_DIR$/app_api/models/db.js">
      <provider selected="true" editor-type-id="text-editor">
        <state relative-caret-position="816">
          <caret line="48" column="19" selection-start-line="48" selection-start-column="19" selection-end-line="48" selection-end-column="19" />
          <folding />
        </state>
      </provider>
    </entry>
    <entry file="file://$PROJECT_DIR$/app_api/routes/index.js">
      <provider selected="true" editor-type-id="text-editor">
        <state relative-caret-position="255">
          <caret line="15" column="68" selection-start-line="15" selection-start-column="68" selection-end-line="15" selection-end-column="68" />
          <folding />
        </state>
      </provider>
    </entry>
    <entry file="file://$PROJECT_DIR$/app_server/controllers/items.js">
      <provider selected="true" editor-type-id="text-editor">
        <state relative-caret-position="476">
          <caret line="28" column="19" selection-start-line="28" selection-start-column="19" selection-end-line="28" selection-end-column="19" />
          <folding />
        </state>
      </provider>
    </entry>
    <entry file="file://$PROJECT_DIR$/app_server/views/layout.jade">
      <provider selected="true" editor-type-id="text-editor">
        <state relative-caret-position="0">
          <caret line="0" column="0" selection-start-line="0" selection-start-column="0" selection-end-line="0" selection-end-column="0" />
          <folding />
        </state>
      </provider>
    </entry>
    <entry file="file://$PROJECT_DIR$/app_server/routes/index.js">
      <provider selected="true" editor-type-id="text-editor">
        <state relative-caret-position="34">
          <caret line="2" column="48" selection-start-line="2" selection-start-column="48" selection-end-line="2" selection-end-column="48" />
          <folding />
        </state>
      </provider>
    </entry>
    <entry file="file://$PROJECT_DIR$/package.json">
      <provider selected="true" editor-type-id="text-editor">
        <state relative-caret-position="272">
          <caret line="16" column="24" selection-start-line="16" selection-start-column="24" selection-end-line="16" selection-end-column="24" />
          <folding />
        </state>
      </provider>
    </entry>
    <entry file="file://$PROJECT_DIR$/app_api/controllers/items.js">
      <provider selected="true" editor-type-id="text-editor">
        <state relative-caret-position="408">
          <caret line="24" column="27" selection-start-line="24" selection-start-column="15" selection-end-line="24" selection-end-column="27" />
          <folding />
        </state>
      </provider>
    </entry>
    <entry file="file://$PROJECT_DIR$/app_api/models/items.js">
      <provider selected="true" editor-type-id="text-editor">
        <state relative-caret-position="204">
          <caret line="12" column="3" selection-start-line="12" selection-start-column="3" selection-end-line="12" selection-end-column="3" />
          <folding />
        </state>
      </provider>
    </entry>
    <entry file="file://$PROJECT_DIR$/app_api/controllers/bids.js">
      <provider selected="true" editor-type-id="text-editor">
        <state relative-caret-position="986">
          <caret line="58" column="4" selection-start-line="58" selection-start-column="4" selection-end-line="62" selection-end-column="33" />
          <folding />
        </state>
      </provider>
    </entry>
    <entry file="file://$PROJECT_DIR$/app_server/views/_includes/sharedHTMLfunctions.jade" />
    <entry file="file://$PROJECT_DIR$/views/error.jade" />
    <entry file="file://$PROJECT_DIR$/views/layout.jade" />
    <entry file="file://$PROJECT_DIR$/routes/users.js" />
    <entry file="file://$PROJECT_DIR$/routes/index.js" />
    <entry file="file://$PROJECT_DIR$/app_server/controllers/others.js" />
    <entry file="file://$PROJECT_DIR$/app_server/routes/index.js">
      <provider selected="true" editor-type-id="text-editor">
        <state relative-caret-position="34">
          <caret line="2" column="48" selection-start-line="2" selection-start-column="48" selection-end-line="2" selection-end-column="48" />
          <folding />
        </state>
      </provider>
    </entry>
    <entry file="file://$PROJECT_DIR$/app_api/controllers/bids.js">
      <provider selected="true" editor-type-id="text-editor">
        <state relative-caret-position="952">
          <caret line="56" column="15" selection-start-line="56" selection-start-column="15" selection-end-line="56" selection-end-column="15" />
          <folding />
        </state>
      </provider>
    </entry>
    <entry file="file://$PROJECT_DIR$/app_api/models/items.js">
      <provider selected="true" editor-type-id="text-editor">
        <state relative-caret-position="204">
          <caret line="12" column="3" selection-start-line="12" selection-start-column="3" selection-end-line="12" selection-end-column="3" />
          <folding />
        </state>
      </provider>
    </entry>
    <entry file="file://$PROJECT_DIR$/app_server/views/index.jade">
      <provider selected="true" editor-type-id="text-editor">
        <state relative-caret-position="51">
          <caret line="3" column="11" selection-start-line="3" selection-start-column="11" selection-end-line="3" selection-end-column="11" />
          <folding />
        </state>
      </provider>
    </entry>
    <entry file="file://$PROJECT_DIR$/public/bootstrap/js/bootstrap.js">
      <provider selected="true" editor-type-id="text-editor">
        <state relative-caret-position="0">
          <caret line="0" column="0" selection-start-line="0" selection-start-column="0" selection-end-line="0" selection-end-column="0" />
          <folding />
        </state>
      </provider>
    </entry>
    <entry file="file://$PROJECT_DIR$/public/javascripts/jquery-1.11.1.min.js">
      <provider selected="true" editor-type-id="text-editor">
        <state relative-caret-position="0">
          <caret line="0" column="0" selection-start-line="0" selection-start-column="0" selection-end-line="0" selection-end-column="0" />
          <folding />
        </state>
      </provider>
    </entry>
    <entry file="file://$PROJECT_DIR$/README.md">
      <provider selected="true" editor-type-id="text-editor">
        <state relative-caret-position="153">
          <caret line="9" column="122" selection-start-line="9" selection-start-column="122" selection-end-line="9" selection-end-column="122" />
          <folding />
        </state>
      </provider>
    </entry>
    <entry file="file://$PROJECT_DIR$/app_server/views/error.jade">
      <provider selected="true" editor-type-id="text-editor">
        <state relative-caret-position="0">
          <caret line="0" column="0" selection-start-line="0" selection-start-column="0" selection-end-line="0" selection-end-column="0" />
          <folding />
        </state>
      </provider>
    </entry>
    <entry file="file://$PROJECT_DIR$/app_api/models/db.js">
      <provider selected="true" editor-type-id="text-editor">
        <state relative-caret-position="816">
          <caret line="48" column="19" selection-start-line="48" selection-start-column="19" selection-end-line="48" selection-end-column="19" />
          <folding />
        </state>
      </provider>
    </entry>
    <entry file="file://$PROJECT_DIR$/public/angular/main.js">
      <provider selected="true" editor-type-id="text-editor">
        <state relative-caret-position="0">
          <caret line="0" column="19" selection-start-line="0" selection-start-column="16" selection-end-line="0" selection-end-column="19" />
          <folding />
        </state>
      </provider>
    </entry>
    <entry file="file://$PROJECT_DIR$/public/stylesheets/style.css">
      <provider selected="true" editor-type-id="text-editor">
        <state relative-caret-position="0">
          <caret line="0" column="0" selection-start-line="0" selection-start-column="0" selection-end-line="0" selection-end-column="0" />
          <folding />
        </state>
      </provider>
    </entry>
    <entry file="file://$PROJECT_DIR$/bin/www">
      <provider selected="true" editor-type-id="text-editor">
        <state relative-caret-position="289">
          <caret line="17" column="3" selection-start-line="17" selection-start-column="3" selection-end-line="17" selection-end-column="3" />
          <folding />
        </state>
      </provider>
    </entry>
    <entry file="file://$PROJECT_DIR$/package.json">
      <provider selected="true" editor-type-id="text-editor">
        <state relative-caret-position="34">
          <caret line="2" column="20" selection-start-line="2" selection-start-column="20" selection-end-line="2" selection-end-column="20" />
          <folding />
        </state>
      </provider>
    </entry>
    <entry file="file://$PROJECT_DIR$/app_server/views/layout.jade">
      <provider selected="true" editor-type-id="text-editor">
        <state relative-caret-position="357">
          <caret line="21" column="34" selection-start-line="21" selection-start-column="34" selection-end-line="21" selection-end-column="34" />
          <folding />
        </state>
      </provider>
    </entry>
    <entry file="file://$PROJECT_DIR$/app_api/controllers/items.js">
      <provider selected="true" editor-type-id="text-editor">
        <state relative-caret-position="141">
          <caret line="22" column="0" selection-start-line="22" selection-start-column="0" selection-end-line="22" selection-end-column="0" />
          <folding />
        </state>
      </provider>
    </entry>
    <entry file="file://$PROJECT_DIR$/app_server/controllers/items.js">
      <provider selected="true" editor-type-id="text-editor">
        <state relative-caret-position="476">
          <caret line="28" column="19" selection-start-line="28" selection-start-column="19" selection-end-line="28" selection-end-column="19" />
          <folding />
        </state>
      </provider>
    </entry>
    <entry file="file://$PROJECT_DIR$/app_api/routes/index.js">
      <provider selected="true" editor-type-id="text-editor">
        <state relative-caret-position="255">
          <caret line="15" column="68" selection-start-line="15" selection-start-column="68" selection-end-line="15" selection-end-column="68" />
          <folding />
        </state>
      </provider>
    </entry>
    <entry file="file://$PROJECT_DIR$/app.js">
      <provider selected="true" editor-type-id="text-editor">
        <state relative-caret-position="425">
          <caret line="34" column="41" selection-start-line="34" selection-start-column="41" selection-end-line="34" selection-end-column="41" />
          <folding />
        </state>
      </provider>
    </entry>
    <entry file="file://$PROJECT_DIR$/my_client/bidder.js">
      <provider selected="true" editor-type-id="text-editor">
        <state relative-caret-position="170">
          <caret line="12" column="2" selection-start-line="12" selection-start-column="2" selection-end-line="12" selection-end-column="2" />
          <folding>
            <element signature="e#0#46#0" expanded="false" />
          </folding>
        </state>
      </provider>
    </entry>
  </component>
</project>